Ref,Val,Package,PosX,PosY,Rot,Side
"C1","10uF","C_0805_2012Metric",12.000000,-12.000000,0.000000,bottom
"C2","10uF","C_0805_2012Metric",18.000000,-12.000000,0.000000,bottom
"C3","100nF","C_0603_1608Metric",28.800001,-4.400000,0.000000,bottom
"C4","22uF","C_0805_2012Metric",36.160860,-11.265624,0.000000,bottom
"C5","22uF","C_0805_2012Metric",36.247499,-14.460000,0.000000,bottom
"C6","100nF","C_0603_1608Metric",29.887501,-16.600000,0.000000,bottom
"C7","100nF","C_0603_1608Metric",21.600000,-2.200000,180.000000,bottom
"C8","10uF","C_0805_2012Metric",28.559846,-13.000000,0.000000,bottom
"C9","10uF","C_0805_2012Metric",32.360314,-13.000000,0.000000,bottom
"C12","120pF","C_0603_1608Metric",46.487870,-10.443790,0.000000,bottom
"C14","22uF","C_0805_2012Metric",47.088751,-4.125000,0.000000,bottom
"C15","22uF","C_0805_2012Metric",50.918749,-4.125000,0.000000,bottom
"C16","100nF","C_0603_1608Metric",53.755429,-5.030000,90.000000,bottom
"C17","10uF","C_0805_2012Metric",46.996876,-6.475706,0.000000,bottom
"C18","100nF","C_0603_1608Metric",50.675001,-7.899375,0.000000,bottom
"C19","100pF","C_0603_1608Metric",47.311877,-8.576413,0.000000,bottom
"C20","10uF","C_0805_2012Metric",48.353749,-12.559108,0.000000,bottom
"C21","100nF","C_0603_1608Metric",51.938475,-13.900000,0.000000,bottom
"C22","100pF","C_0603_1608Metric",48.398748,-14.678222,0.000000,bottom
"D1","SMF5.0A","D_SOD-123F",21.593124,-16.405001,0.000000,bottom
"D4","SS54","D_SMA",33.000000,-8.132187,0.000000,bottom
"F1","mSMD200 2A","Fuse_1812_4532Metric",10.905001,-17.425200,0.000000,bottom
"FB1","600R@100MHz 3A","L_1206_3216Metric",16.634999,-16.355001,0.000000,bottom
"FB2","600R@100MHz 3A","L_1206_3216Metric",36.000000,-3.602189,90.000000,bottom
"Q4","2N7002","SOT-23",44.303750,-13.275778,0.000000,bottom
"Q6","2N7002","SOT-23",44.483750,-17.105777,0.000000,bottom
"Q7","2N7002DW-7-F","SOT-363_SC-70-6",11.300000,-4.900000,0.000000,bottom
"Q9","2N7002","SOT-23",17.350000,-4.950000,0.000000,bottom
"R1","5.1k","R_0603_1608Metric",6.500000,-2.800000,0.000000,bottom
"R2","5.1k","R_0603_1608Metric",6.066876,-17.400000,0.000000,bottom
"R3","24k","R_0603_1608Metric",11.932500,-9.000000,0.000000,bottom
"R4","1k","R_0603_1608Metric",15.300001,-9.000000,0.000000,bottom
"R6","330R","R_0603_1608Metric",25.432500,-4.400000,0.000000,bottom
"R7","1k","R_0603_1608Metric",25.500000,-15.700000,0.000000,bottom
"R8","100k","R_0603_1608Metric",26.000000,-8.000000,0.000000,bottom
"R9","4.7k","R_0603_1608Metric",33.255000,-16.670000,0.000000,bottom
"R10","4.7k","R_0603_1608Metric",36.645000,-16.670000,0.000000,bottom
"R11","10k","R_0603_1608Metric",40.012498,-16.825001,0.000000,bottom
"R12","100k","R_0603_1608Metric",39.739101,-9.379254,0.000000,bottom
"R13","22.1k","R_0603_1608Metric",43.097871,-9.382772,0.000000,bottom
"R14","100k","R_0603_1608Metric",40.000000,-7.400000,0.000000,bottom
"R17","100k","R_0603_1608Metric",40.477502,-11.243600,0.000000,bottom
"R18","100k","R_0603_1608Metric",40.445002,-13.105037,0.000000,bottom
"R19","100k","R_0603_1608Metric",40.499024,-14.965020,0.000000,bottom
"R20","100k","R_0603_1608Metric",48.900000,-16.568221,0.000000,bottom
"R21","1k","R_0603_1608Metric",18.667499,-9.000000,0.000000,bottom
"R22","33k","R_0603_1608Metric",13.750000,-4.900000,90.000000,bottom
"R23","8.2k","R_0603_1608Metric",39.300000,-4.200000,0.000000,bottom
"R24","2.2k","R_0603_1608Metric",29.900000,-1.900000,0.000000,bottom
"R25","100k","R_0603_1608Metric",11.800000,-14.300000,0.000000,bottom
"R26","100k","R_0603_1608Metric",33.200000,-2.350000,0.000000,bottom
"R27","100k","R_0603_1608Metric",9.550000,-2.700000,0.000000,bottom
"U5","HT7833-A","SOT-89-3",24.000000,-12.345939,0.000000,bottom
"U7","TCA6408ARGTR","VQFN-16-1EP_3x3mm_P0.5mm_EP1.68x1.68mm",21.650000,-5.400000,180.000000,bottom
"C10","22uF","C_0805_2012Metric",40.000000,-7.000000,90.000000,top
"C11","100nF","C_0402_1005Metric",42.100000,-3.550000,180.000000,top
"D2","SS34","D_SMA",14.300000,-12.700000,0.000000,top
"D3","SS34","D_SMA",21.700000,-12.700000,0.000000,top
"D5","6.8V zener","D_SMA",33.400000,-1.900000,0.000000,top
"FB3","600R@100MHz","L_0805_2012Metric",46.600000,-11.400000,90.000000,top
"FB4","600R@100MHz","L_0805_2012Metric",46.600000,-15.400000,90.000000,top
"H1","","",1.500000,-1.260000,0.000000,top
"H2","","",1.500000,-19.060000,0.000000,top
"H3","","",54.380000,-1.260000,0.000000,top
"H4","","",54.380000,-19.060000,0.000000,top
"J1","USB-C 5V","USB_C_Receptacle_HRO_TYPE-C-31-M-12",4.400000,-10.160000,-90.000000,top
"J2","LIPO 3000mAh","JST_PH_S2B-PH-K_1x02_P2.00mm_Horizontal",53.300000,-10.200000,90.000000,top
"L1","1uH SWPA4030S","L_Sunlord_SWPA4030S",46.600000,-6.400000,0.000000,top
"LED1","ROD CHRG","LED_0603_1608Metric",8.600000,-17.600000,0.000000,top
"LED2","GRON STDBY","LED_0603_1608Metric",12.200000,-17.600000,0.000000,top
"Q1","8205A","SOT-23-6",26.800000,-7.000000,0.000000,top
"Q2","AO4407A","SOIC-8_3.9x4.9mm_P1.27mm",33.000000,-6.800000,0.000000,top
"Q3","AO3401A","SOT-23",43.000000,-10.800000,0.000000,top
"Q5","AO3401A","SOT-23",43.000000,-15.000000,0.000000,top
"R5","10mR 1% 3W","R_2512_6332Metric",29.800000,-13.200000,0.000000,top
"R28","100k","R_0603_1608Metric",15.600000,-15.500000,180.000000,top
"R29","150k","R_0603_1608Metric",12.450000,-15.500000,180.000000,top
"R30","10k","R_0603_1608Metric",38.200000,-15.770000,0.000000,top
"R31","10k","R_0603_1608Metric",19.900000,-3.700000,0.000000,top
"R32","150k","R_0603_1608Metric",27.750000,-1.400000,0.000000,top
"R33","100k","R_0603_1608Metric",23.000000,-3.700000,0.000000,top
"U2","TP4056","SOIC-8-1EP_3.9x4.9mm_P1.27mm_EP2.29x3mm",14.500000,-7.500000,0.000000,top
"U3","DW01A","SOT-23-6",22.000000,-7.000000,0.000000,top
"U4","INA226","VSSOP-10_3x3mm_P0.5mm",37.200000,-13.200000,0.000000,top
"U6","TPS62823DLCR","VSON-8_1.5x2mm_P0.5mm",42.600000,-5.400000,0.000000,top
